"Country","1960","1961","1962","1963","1964","1965","1966","1967","1968","1969","1970","1971","1972","1973","1974","1975","1976","1977","1978","1979","1980","1981","1982","1983","1984","1985","1986","1987","1988","1989","1990","1991","1992","1993","1994","1995","1996","1997","1998","1999","2000","2001","2002","2003","2004","2005","2006","2007","2008","2009","2010","2011","2012"
Afghanistan,17.18,34.67,16.83,36.67,46.17,53.93,47.98,37.95,26.2,25.21,18.59,43.59,53.18,53.27,46.18,66.45,73.43,85.61,82.52,126.9,34.8,23.77,9.19,13.14,5.29,-6.42,1.91,45.28,72.36,148.32,121.72,507.53,204.9,223.8,226.42,212.53,169.63,230.75,164.2,142.86,136.01,410.36,1309.77,1594.32,2312.94,2892.55,2987.69,4959.46,4898.5,6277.53,6498.2,6812.82,0
Albania,0,0,0,0,0,0,0,0,0,0,0,0,0,0,0,0,0,0,0,0,0,0,0,0,0,0,0,0,5.56,10.34,11.05,345.8,596.09,317.67,175.35,208.46,252.27,163.82,268.25,483.79,316.38,265.16,319.8,374.79,382.44,426.48,351.55,368.69,473.21,417.3,382.19,495.77,0
Algeria,404.85,433.01,392.63,276.11,243.24,140.23,120.42,101.99,113.53,100.32,118.57,158.99,124.23,266.85,263.35,371.92,356.71,633.16,937.5,569.22,456.01,544.58,430.9,270.2,282.81,125.41,-53.39,-161.35,-221.68,230.02,875.58,897.66,562.33,957.02,760.59,1986.06,3349.97,961.77,646.22,-56.97,-41.76,198.38,-19.76,-25.14,-1260.74,-1159.89,-4102.48,247.67,41.95,115.14,102.95,21.7,0
Angola,-0.05,23.55,0,0.03,0,1.11,2.86,18.18,2.19,8.57,1.11,-1.63,-0.92,0.27,-0.63,4.76,16.48,46.57,45.98,46.06,58.79,100.22,125.31,69.72,81.37,136.22,162.98,179.92,156.85,162.15,343.45,288.17,296.64,296.09,812.26,489.55,463.42,295.79,279.56,330.39,256.29,271.21,460.91,482.94,398.63,406.72,150.43,232.96,500.19,224.66,292.87,232.33,0
Anguilla,0,0,0,0,0,0,0,0,0,0,0,0,0,0,0,1.67,1.1,1.11,2.34,2.25,2.3,2.63,1.95,2.34,1.71,2.66,3.17,3.58,4.02,5.42,3.92,6.82,4.99,7.01,6.51,3.49,3.35,2.22,0.81,2.27,7.67,4.47,5.26,4.25,2.83,3.68,9.81,6.36,3.1,0.44,61.12,-0.91,0
Antigua & Barbuda,0,0,0,0,0,0,0,0,0,0,0,0,0,0.01,3,2.26,3.4,5.5,3.63,3.28,6.38,9.5,5.32,4.87,3.65,16.49,22.85,8.28,11.05,4.44,-2.67,3.71,0.46,-0.84,1.27,-0.83,-4.37,2.06,10.01,11.29,9.88,7.65,12.14,8.48,4.16,7.05,1.84,8.23,11.04,15.94,18.97,48.71,0
Argentina,21.88,35.18,60.7,87.4,42.52,-44.4,-56.22,-8.18,-7.78,53.61,53.48,128.44,94.69,170,232.07,34.83,134.66,77.07,148.09,95.45,132.75,374.36,284.19,294.8,325.99,444.77,1036.8,1344.32,1012.56,755.14,903.81,794.15,537.09,3296.39,1290.21,2529.43,1189.43,697.02,2596.13,1892.57,677.13,1571.84,-1695.56,-678.33,-154.89,-435.72,-841.93,-641.66,-269.06,1358.61,680.6,578.26,0
Armenia,0,0,0,0,0,0,0,0,0,0,0,0,0,0,0,0,0,0,0,0,0,0,0,0,0,0,0,0,0,0,0,2.72,22.45,173.91,210.2,245.38,303.14,182.37,190.21,208.78,232.82,210.38,301.65,248.24,249.34,159.79,231.65,406.22,351.72,638.69,524.01,491.25,0
Aruba,0,0,0,0,0,0,0,0,0,0,0,0,0,0,0,0,0,0,0,0,0,0,0,0,0,12.04,40.21,20.91,19.29,24.34,29.97,24.97,29.98,24.86,19.72,29.7,21.43,23.3,8.35,-8.25,0,0,0,0,0,0,0,0,0,0,0,0,0
Azerbaijan,0,0,0,0,0,0,0,0,0,0,0,0,0,0,0,0,0,0,0,0,0,0,0,0,0,0,0,0,0,0,0,0.3,13.63,40,216.05,131.87,105.29,295.56,299.83,349.6,204.82,222.56,380.98,1403.54,489.22,332.1,68.46,-76.78,-97.94,401.93,435.7,782.72,0
Bahamas,3.46,0,0,0.02,0.06,0.07,0.05,6.48,22.25,4.25,4.16,4.96,9.87,40.04,1.26,20.8,7.08,-19.66,1.24,-2.1,1.83,6.62,5.98,3.55,38.76,91.78,99.96,2.78,7.36,19.06,30.57,105.42,28.65,11.56,8.56,6.65,0,0,0,0,0,0,0,0,0,0,0,0,0,0,0,0,0
Bahrain,0.04,0.94,1.35,0.64,0.58,0.88,9.71,0.05,0.68,0.14,0.95,4.7,2.84,15.67,39.72,88.28,229.05,97.96,84.76,135.29,209.07,210.56,184.06,292.43,260.66,123.15,141.88,7.42,2.92,-5.43,136.69,99.11,67.87,108.88,96.58,98.09,132.1,154.25,251.83,61.64,60.2,69.06,61.58,155.68,58.22,0,0,0,0,0,0,0,0
Bangladesh,0,0,0,0,0,0,0,0,0,0,0,15.36,223.76,426.62,531.75,1127.96,502.6,784.68,992.75,1162.34,1290.23,1238,1337.71,1044.69,1213.87,1119.45,1426.26,1789.74,1616.02,1816.37,2112.44,1885.62,1861.79,1451.9,1761.38,1272.98,1214.13,970.43,1143.53,1257.76,1172.13,1043.54,904.76,1399.07,1488.36,1459.76,1287.15,1626.4,2163.18,1901.94,1529.54,1644.82,0
Barbados,0,0,0,0,0,0,1.6,0.59,0.85,1.3,2.32,4.57,4.73,5.97,6.52,9.94,11.92,13.13,12.6,11.73,19.74,33.57,36.36,35.03,18.52,10.3,10.09,13.12,29.63,1.53,21.39,6.05,0.68,-10.97,-10.27,8.19,41.22,22.69,22.55,13.36,13.07,15.82,9.89,45.88,40.03,-2.79,53.28,25.06,26.26,16.04,59.9,0,0
Belarus,0,0,0,0,0,0,0,0,0,0,0,0,0,0,0,0,0,0,0,0,0,0,0,0,0,0,0,0,0,0,0,0,0,0,0,0,0,0,0,0,0,0,0,0,0,72.49,68.7,52.67,135.9,350.84,219.29,194.9,0
Belize,1.82,2.82,5.52,4.06,1.55,2.13,2.58,5.54,5.52,6.68,5.95,5.07,8.87,4.7,6.68,9.24,11.93,9.67,18.33,20.72,15.42,12.86,12.28,21.51,16.79,27.58,24.53,23.57,24.89,34.84,38.46,29.18,34.26,35.78,44.54,23.39,24.94,23.12,25.47,50.44,31.82,30.6,29.11,29.47,17.98,10.84,21.82,37.28,19.48,39.45,21.85,30.37,0
Benin,0.02,1.48,3.75,4.16,18.07,17.88,14.92,19.81,13.47,13.09,15.04,28.68,19.91,26.32,34.56,54.21,51.83,52.78,64.33,88.03,91.7,87.09,79.64,83.31,76.54,95.72,135.25,134.59,234.15,313.8,294.79,264.61,277.31,306.23,254.62,282.22,284.79,218.92,203.49,211.16,232.49,277.11,220.46,295.99,385.36,346.27,398.49,473.02,648.64,682.81,670.69,674.17,0
Bermuda,0,0,0,0,0.01,0.05,0.06,0.06,6.25,0,-0.47,-1.84,14.86,43.42,-0.97,2.97,7.13,14.34,18.45,3.47,1.58,-5.57,27.17,45.07,-10.1,-40.47,-27.72,-22.36,-49.4,10.84,51,8.85,-6.98,14.4,-13.48,27.42,6.32,0,0,0,0,0,0,0,0,0,0,0,0,0,0,0,0
Bhutan,0,0,0,0.01,0.01,0.16,0.05,0.01,0.14,0.1,0.21,0.14,0.19,0.52,0.61,2.1,3.22,2.9,3.12,4.96,8.06,9.65,11.25,12.92,17.24,23.39,38.93,40.46,40.65,40.57,46,61.41,54.73,63.15,73.1,71.22,57.42,65.49,55.69,66.73,53,60.39,87.33,90.85,89.22,94.87,101.54,88.66,85.53,133.29,147.76,156.09,0
Bolivia,12.08,23.53,35.91,53.5,40.92,33.96,30.04,27.47,54.87,40.89,35.46,61.82,67.46,28.64,58.78,61.59,95.99,128.54,196.54,202.87,228.69,188.28,154.37,175.98,168.79,203,345.11,470.45,487.92,607.04,576.2,581.01,823.39,623.39,628.03,712.37,795.43,587.29,566.07,521.01,445.88,651.46,624.93,945.49,725.96,618.92,767.93,441.38,693.08,641.38,771.54,573.21,0
Bosnia-Herzegovina,0,0,0,0,0,0,0,0,0,0,0,0,0,0,0,0,0,0,0,0,0,0,0,0,0,0,0,0,0,0.01,0.01,0.01,15.69,70.24,408.57,965.85,826.71,869.13,934.83,1374.43,775.87,654.52,572.73,565.53,737.7,578.22,634.52,790.51,638.68,473.14,554.93,399.69,0
Botswana,3.43,5.46,5.24,5.33,8.87,10.3,17.88,18.26,16.74,13.36,14.2,17.65,86.72,83.86,43.11,53.66,49.49,40.16,43.19,95.59,109.5,109.88,116.87,127.88,165.31,151.8,169.89,211.57,136.82,119.22,167.44,148.11,130.22,136.26,62.31,68.62,61.24,110.39,98.66,62.86,34.18,12.11,20.8,18.23,37.67,63.86,68.05,93.14,735.79,1246.02,155.1,722.45,0
Brazil,34.21,283.97,174.26,196.94,241.7,220.67,261.16,169.62,220.25,223.65,256.14,297.75,424.81,494.44,843.72,759.47,552.55,490.34,526.88,621.38,886.22,1256.17,1152.27,1533.74,1886.79,2069.52,1667.59,1850.69,517.35,917.21,526.53,522.11,564.27,208.19,-393.48,-40.27,183.34,1732.17,2278.84,3995.09,4097.66,2758.56,1694.94,-288.91,-2491.51,174.99,2074.88,946.16,1806.75,2163.46,4366.45,-3203.6,0
Brunei,0.01,0.48,0.73,0.04,0.07,0.08,0.08,0.07,0.03,-0.75,0.01,6.13,3.02,4.12,0.15,0.14,-19.89,0.08,0.1,0.09,0.03,0.19,0.27,0.44,0.81,1.4,2.54,3.24,4.52,4.56,-4.51,3.62,5.37,219.47,5.26,4.29,0,0,0,0,0,0,0,0,0,0,0,0,0,0,0,0,0
Burkina Faso,0.2,1.35,4.43,4.04,15.4,17.27,16.86,19.62,22.82,23.99,21.99,29.24,34.66,58.05,97.17,88.5,81.22,109.82,157.5,195.55,221.56,214.37,217.35,197.84,186.19,191.53,274.86,275,287.46,267.06,327.95,418.86,436.23,462.18,428.69,487.56,410.41,368.87,400.5,394.95,174.3,400.02,428.32,536.33,640.24,694.33,902.23,953.87,1022.05,1076.54,1080.98,988.11,0
Burundi,8.28,7.39,11.02,5.96,7.99,4.86,8.73,10.17,12.97,14.66,17.38,21.37,25.44,26.52,37,49.02,45.31,49.92,74.12,94.08,116.14,120.9,126.25,147.43,148.54,143.74,196.56,201.54,202.15,203.48,259.11,252.38,306.43,214.16,307.09,285.17,106.17,52.64,64.54,72.96,93.12,139.6,171.99,227.14,356.75,363.96,430.89,479,522.24,561.37,629.94,578.99,0
Cambodia,26.29,26.97,22.16,23.45,13.71,11.23,11.33,13.94,10.23,12.7,20.13,41.45,67.15,145.68,307.98,81.93,0.87,0.36,0.29,107.99,268.67,112.45,35.89,39.03,21.81,13.84,15.31,16.62,20.27,24.72,41.31,89.71,207.63,304.11,331.05,553.99,423.17,334.69,346.32,277.28,395.32,421.13,489.24,519.49,490.5,550.92,530.27,664.21,766.52,709.41,732.32,809.53,0
Cameroon,0.38,7.12,9.45,8.7,27.76,32.28,48.59,38.11,50.72,40.16,69.67,59.33,84.51,73.54,71.46,146.65,156.45,220.17,254.69,368.45,367.72,319.66,264.18,162.21,242.73,216.47,287.99,316.16,359.49,631.47,607.17,711.3,1014.37,672.42,860.26,578.16,512.92,410.59,631,411.26,306.13,325.63,808.48,435.56,485.85,321.75,745.57,761.73,497.08,723.48,585.73,610.51,0
Cape Verde,0,2.72,0,0,0,0,2.41,0.71,0,0.01,0,0,0,0,0,8.65,23.97,26.06,35.06,32.48,61.84,48.69,58.41,60.31,61.27,65.55,105.21,84.98,81.33,82.53,103.93,99.78,114.57,112.94,117.78,115.8,116.01,109.69,128.22,134.15,92.15,76.47,91.21,146.78,142.91,168.85,137.46,162.42,225.78,222.45,344.41,339.34,0
Cayman Islands,0,0,0,0,0,0,0,0,0,0,0,0,0,0,12.84,3.47,1.8,1.55,-3.8,-1.26,0.49,5.42,2.43,6.16,19.08,-4.54,0.32,4.32,16.21,9.1,11.86,9.67,5.83,165.17,74.93,-0.11,16.72,0,0,0,0,0,0,0,0,0,0,0,0,0,0,0,0
Central African Rep.,0.03,0.42,1.14,1.88,16.79,15.78,15.66,20.57,17.29,19.81,14.38,15.55,26.65,26.6,36.58,56.3,38.02,45.25,50.89,83.49,110.28,101.18,92.39,100.68,133.99,111.92,142.4,183.08,205.03,187.06,251.64,174.66,179.98,171.63,162.45,169.97,163.02,91.75,117.73,117.1,73.95,76.18,59.66,51.15,109.83,88.9,134.43,172.88,256.6,240.77,240.08,274.2,0
Chad,0.03,3.26,5.52,5.46,16.55,18.27,19.01,19.83,21.74,24.63,22.26,30.51,31.53,55.88,85.75,67.51,62.9,81.52,123.04,84.62,35.72,59.69,64.15,87.34,110.21,177.08,160.31,201.56,260.45,250.11,310.47,261.7,235.99,223.44,212.27,237.21,292.88,229.62,173.9,187.16,130.36,199.06,236.43,276.05,343.11,379.93,278.4,362.4,397.76,556.11,521.26,486.01,0
Chile,18.39,121.24,138.38,146.89,133.86,120.65,153.79,105.23,168.91,131.74,101.14,30.97,49.67,87.87,218.94,172.21,-70.5,60.5,-15.55,-142.57,-44.62,-20.69,6.65,173.7,334.48,476.83,541.44,581.93,738.13,424.48,787.22,350.32,150,-8.77,170.1,-1627.37,-476.04,-305.32,333.62,-132.81,-207.58,173.06,-353.14,0.16,-428.39,28.55,141.19,39.88,581.88,844.49,961.55,447.49,0
China,0,0,0,0,0,0,0,0,0,0,0,0,0,0,0,0,0,0,0,16.85,508.45,472.74,546.33,807.22,1076.18,1387.05,1624.1,703.2,2885.3,3438.74,3296.5,2864.7,3907.95,5001.11,5568.72,7041.63,5748.34,4979.65,4680.37,2904,1160.59,2937.85,-46.63,-1903.18,2068.8,2092.52,2334.36,2380.34,3055.34,1427.15,2922.55,757.74,0
Chinese Taipei,105.48,113.58,77.55,76.13,51.29,67.45,82.31,85.95,92.22,90.49,75.55,96.98,78.74,104.62,141.18,137.69,68.54,113.59,37.23,156.7,388.54,223.97,109.27,-3.67,-145.38,-281.74,-316.41,-1020.85,-18.28,30.21,24.63,1.39,-54.28,59.58,-14.87,10.12,24.16,0,0,0,0,0,0,0,0,0,0,0,0,0,0,0,0
Colombia,-5.93,65.6,73.49,106.84,100.8,61.64,95.23,130.09,193.13,166.56,224.1,186.05,190.33,212.04,179.74,168.6,134.61,131.57,141.45,168.4,376.25,394.68,475.07,615.25,728.03,836.37,675.93,364.51,392.88,190.48,-1.45,140.32,-107.16,-467.97,-439.82,71.53,294.93,-29.06,502.38,1143.46,-24.91,1011.95,369.64,2728.17,477.06,-245.6,2253.63,1657.74,2435.71,2840.27,2167.71,1403.8,0
Comoros,0,0,0,0,0,0,6.1,9.7,7.85,6.36,7.89,8.82,10.21,17.62,27.54,21.56,25.42,12.08,13.4,19.33,43.2,46.37,39.15,40.18,45.25,50.55,46.57,54.07,51.22,44.07,44.95,57.22,46.67,48.22,38.57,41.47,38.44,29.66,41.05,22.72,18.68,27.56,27.03,24.54,26.13,22.82,31.88,35.13,41.64,49.41,69.53,50.73,0
"Congo, Dem. Rep.",89.79,86.56,115.97,104.4,121.42,149.57,87.79,88.1,76.66,84.76,95.3,122.66,148.15,215.66,302.18,431.93,300.69,464.22,499.38,450.63,818.04,660.05,431.07,345.9,913.96,387.32,620.22,901.68,831.83,881.69,1419.69,578.98,267.38,172.18,253.45,188.48,160.12,211.78,108.21,132.38,173.69,244.58,1090.52,6708.34,1806.03,1810.25,1381.32,1188.33,1617.59,2182.61,3416.9,3458.71,0
"Congo, Rep.",0.02,0.19,3.07,5.55,17.76,15.85,25.64,28.01,21.6,33.85,22.79,32.99,37.94,32.12,18.59,80.25,107.04,80.68,125.28,109.57,77.42,74.07,126.28,117.83,118.97,108.39,293.71,329.12,220.38,106.46,226.26,327.8,108.88,126.25,451.25,394.03,441.25,280.66,57.24,136.34,16.42,15.12,24.01,422.56,29.85,1855.67,139.73,26.48,281.33,171.35,338.27,198.16,0
Cook Islands,0,0,0,0,0,0,0,0,0,0,0,0,6.42,7.05,5.75,5.62,6.68,7.49,6.95,7.75,11.42,11.67,11.56,10.56,8.05,10.81,27.44,11.05,11.92,12.75,11.38,20.47,41.77,-12.16,-22.42,13.04,10.38,9.47,7.7,5.79,4.15,4.64,3.61,5.99,8.65,7.41,24.09,8.94,5.48,6.82,23.09,30.56,0
Costa Rica,4.09,7.75,13.7,13.82,17.46,25.21,17.74,20.54,12.2,15.92,13.81,21.51,28.68,31.11,35.01,47.57,56.79,62.97,84.02,84.65,98.1,85.44,98.88,275.86,265.04,392.67,289.13,222.8,176.84,251.45,237.73,207.89,173.88,137.68,154.7,79.58,-25.92,28.53,29.7,0.58,-39.57,-49.5,-23.44,34.44,5.13,-102.57,-36.61,-49.98,-29.08,133.88,608.82,217.34,0
Cote d'Ivoire,0.13,3.37,9,8.35,39.01,38.82,38.03,36.5,46.35,53.9,71.43,73.03,75.83,133.75,104.73,149.21,151.91,228.8,232.88,241.85,369.53,188.13,370.99,401.54,473.25,238.36,349.66,653.78,619.33,508.46,1121.9,913.8,1026.7,693.34,1660.13,1147.33,815.32,303.19,758.6,415.32,275.67,79.24,1186.9,99.31,78.86,75.11,232.23,85.1,206.75,1664.99,769.09,1382.16,0
Croatia,0,0,0,0,0,0,0,0,0,0,0,0,0,0,0,0,0,0,0,0,0,0,0,0,0,0,0,0,0,0,0,0,0.01,0,119.7,99.59,322.17,303.76,206.39,82.21,154.86,214.72,328.61,387.92,411.18,250.94,681.27,332.53,533.62,433.95,679.95,0,0
Cuba,10.82,0.19,0.04,-0.17,0.44,0.58,0.73,0.74,1.27,1.64,2.77,17.52,4.45,3.19,15.51,27.01,85.91,60.45,53.92,55.58,40,30.75,34.5,73.3,90.84,60.71,55.45,70.5,60.22,53.89,60.11,93.43,41.69,31.48,25.83,56.17,56.82,60.08,83.31,77.38,47.51,17.01,39.64,78.89,107,109.01,91.78,104.84,118.9,113.93,129.14,84.28,0
Cyprus,24.09,20.03,15.57,12.86,7.54,12.87,5.13,0.92,0.96,4.74,8.96,10.02,8.98,16.45,30.49,32.23,59.74,99.11,55.47,38.26,56.89,50.32,38.67,30.04,32.13,105.26,118.58,148.96,74.73,74.63,42.43,77.15,-28.7,43.05,-27.68,-42.62,43.07,0,0,0,0,0,0,0,0,0,0,0,0,0,0,0,0
Djibouti,0,0,0,0,0,0,6.47,9.75,9.71,10.52,11.83,10.65,13.35,19.48,29.06,34.4,30.03,45.63,104.3,23.08,72.79,64.51,58.82,65.22,101.96,81.35,114.93,105.3,92.6,75.02,206.96,107.16,112.21,134.49,128.71,105.54,94.68,85.39,80.94,75.02,72.13,59.3,74.1,80.44,64.14,74.12,129.41,112.61,142.01,282.25,155.01,146.52,0
Dominica,0,0,0,0,0,0,0,0,0,0,0,0,0,0.6,4,7.9,4.61,4.97,6.66,9.05,17.63,14.76,16.78,9.9,16.13,16.75,11.68,17.69,17.66,24.22,19.39,18.02,6.66,9.03,19.51,24.25,43.14,10.38,20.22,12.7,18.46,22.43,51.83,14.63,28.84,24.17,18.91,18.17,20.42,33.61,31.3,28.08,0
Dominican Republic,0.29,0.03,20.99,48.02,23.13,78.46,55.14,62.97,67.45,48.29,57.51,51.33,50.84,33.56,28.9,55.68,49.29,28.22,20.22,109.18,157,128.17,161.22,122.03,221.05,263.61,318.19,149.91,129.94,173.5,136.38,102.76,90.63,258.61,98.71,165.4,88.39,40.09,127.95,295.06,72.86,155.37,316.27,142.66,364.75,264.13,191.99,35.77,71.69,758.17,1227.41,691.1,0
East African Community,0,0,0,0,0,0,16.4,10.77,-0.07,2.51,3.44,17.59,11.25,11.61,16.01,21.85,19.17,6.7,15.54,3.41,5.45,4.95,4.17,5.23,2.51,10.83,1.84,1.2,0.76,0,0,0,-0.26,0,0,0,0,0,0,0,0,0,0,0,0,0,0,0,0,0,0,0,0
Ecuador,14.87,16.29,16.98,16.96,18.01,21.16,28.75,31.89,28.49,28.12,21.55,26.54,33.77,34.6,50.03,86.73,92.16,63.3,66.16,120.3,152.2,146.53,135.72,125.07,236.46,214.25,544.18,447.62,411.6,501.25,352.61,253.26,314.55,208.57,291.17,632.94,256.86,116.7,248.93,175.67,226.39,265.35,292.07,251.24,-14.05,45.48,176.28,336.83,212.5,263.84,110.23,413.72,0
Egypt,208.81,126.87,202.01,204.19,231.5,118.76,91.53,27.41,23.33,-1.62,365.56,426.59,125.28,958.37,1606.27,3199.05,2535.34,2707.38,2814.78,1764.84,1556.77,1479.89,1776.71,1650.93,2031.42,2021.06,1737.03,1870.02,3929.77,1818.06,4793.38,5518.58,2932.25,3540.68,3391.46,2664.1,2793.76,2619.3,2279.75,1813.06,1410.49,1530.28,1442,1217.8,2088.23,2101.81,1209.84,2645.07,2054.39,1667.49,1472.28,927.71,0
El Salvador,2.22,9.68,7.19,12.72,12.83,17.56,20.96,15.04,13.28,10.63,13.42,12.11,18.36,23.39,33.27,46.59,38.83,54.89,68.87,73.62,110.83,174.65,232.5,360.12,294.53,377.7,343.13,425.05,406.93,419.08,308.27,317.07,386.75,456.55,394.32,381.63,490.04,386.59,286.7,331.26,283.4,431.13,352.8,281.82,208.44,323.33,148.58,92.22,444.45,685.2,626.28,454.78,0
Equatorial Guinea,0,0,0,0,0,0,0,0,0,0,0,0,0,1.01,15.89,2.18,0.42,0.84,0.59,2.63,9.92,11.68,16.6,12.28,15.31,16.81,25.4,52.51,47.89,60.32,60.8,61.1,60.16,52.54,29.75,35.16,33.26,24.12,21.62,18.94,20.22,12.24,19.1,19.83,28.05,54.02,216.81,57.47,32.08,24.24,49.52,48.1,0
Eritrea,0,0,0,0,0,0,0,0,0,0,0,0.03,0,0.62,2.15,1.62,0,2.12,4.93,4.14,4.68,5.61,4.5,4.5,4.5,0,1,2,2,0,4.5,0,1,67.71,154.15,148.29,157.49,123.32,167.71,148.68,177.05,283.71,225.81,316.62,264.9,349.22,125.8,158.37,143.48,143.69,160.54,135.88,0
Ethiopia,19.85,26.46,31.84,26.8,17.28,26.73,37.01,29.63,45.93,47.32,44.31,57.23,55.64,68.36,107.18,133.22,136.73,111.91,133.48,199.4,208.29,254.69,203.02,337.79,358.32,739.34,635.5,613.49,950.48,734.03,1007.23,1106.47,1178.52,1115.45,1054.96,899,852.51,615.62,675.52,634.6,668.4,1083.99,1268.62,1602.2,1705.16,1818.11,1989.52,2524.26,3315.4,3807.56,3689.33,3692.75,0
Falkland Islands,0.01,0.14,0.07,0.04,0.03,0.05,2.61,2.1,0.71,0.07,0.11,0.21,0.13,0.55,2.75,3.06,2.69,1.95,4.07,1.93,2.33,2.12,7.3,13.7,8.05,13.84,14.74,13.31,7.6,6.01,1.78,3.76,0.41,6.28,0.07,1.66,2.47,0,0,0,0,0,0,0,0,0,0,0,0,0,0,0,0
Fiji,1.08,1.01,10.82,4.43,3.44,4.36,4.11,2.83,6.21,8.69,6.96,11.25,8.47,20.12,23.97,25.94,31.05,28.37,28.16,48.89,63.62,81.81,67.12,63.45,37.24,23.32,46.93,29.56,63.9,31.99,34.89,34.95,57.52,41.73,12,41.92,45.7,43.13,32.77,31.08,22.84,22.56,31.23,52.15,71.03,76.37,55.68,56.73,73.86,73.51,91.22,96.86,0
French Polynesia,0,0,0,0,0,0,13.44,15.14,18.22,18.49,19.77,19.67,27.49,52.65,43.56,79.57,86.35,91.93,98.55,155.52,155.56,157.65,177.22,191.35,175,214.05,263.39,338.96,406.17,354.21,303.98,373.47,395.76,381.49,410.89,434.34,436.92,333.25,326.24,349.96,0,0,0,0,0,0,0,0,0,0,0,0,0
Gabon,9.32,15.36,9.34,2.86,12.66,16.22,16.68,12.77,13.29,13.35,16.38,20.32,26.2,35.86,30.12,37.94,24.58,35.95,28.09,-6.95,-14.75,56.94,83.83,70.11,77.74,67.42,114.97,366.74,424.38,426.33,317.5,209.98,160.06,174.08,585.13,284.9,207.44,196.21,27.8,-45.26,-42.06,-52.86,72.13,-71.67,60.1,43.99,-57.11,-56.61,-117.62,16.95,53.03,147.82,0
Gambia,0.54,1.43,2.55,5.12,2.55,4.25,3.59,2.91,5.84,3.67,1.31,3.53,4.88,6.44,10.19,8.46,11.45,23.19,34.23,36.1,60.27,69.48,47.28,41.61,56.68,49.74,106.62,103.92,83.29,100.03,105.3,98.27,108.66,84.04,67.15,43.11,33.67,40.33,36.81,33.02,48.95,51.67,63.41,71.54,60.85,60.45,74.94,98.12,93.95,136.69,123.63,143.18,0
Georgia,0,0,0,0,0,0,0,0,0,0,0,0,0,0,0,0,0,0,0,0,0,0,0,0,0,0,0,0,0,0,0,0.21,35.36,193.51,250.22,213.01,317.43,272.85,226.43,253.27,230.9,334.35,323.77,186.62,325.89,378.76,396.02,412.5,1058.44,1246.34,837.56,892.69,0
Ghana,1.94,2.37,5.11,27.41,36.42,60.32,88.65,69.31,81.66,78.06,35.11,55.34,50.71,32.12,32.12,64.87,62.56,104.96,139.54,195.38,212.53,163.01,142.32,103.82,203.32,198.82,374.15,433.15,588.87,742.93,716.35,915.38,652.01,642.44,513.94,579.13,659.6,646.25,686.86,548.85,581.41,641.01,659.49,987.61,1254.33,1118.73,1267.96,1231.65,1447.48,1869.47,1749.47,1979.23,0
Gibraltar,0.47,0.87,0.43,-0.01,0.51,1.06,1.79,2.72,0.9,1.38,2.65,3.82,4.19,6.25,6.62,3.03,2.95,4.45,3.53,6.53,11.15,7.42,3.12,3.39,10.96,28.92,20.82,14.56,16.19,0.45,-0.76,1.27,1.47,-1.53,-3.29,0.21,-0.24,0.37,0.22,0.03,0,0,0,0,0,0,0,0,0,0,0,0,0
Grenada,0,0,0,0,0,0,0,0,0,0,0,0,0,0.14,1.89,2.73,2.71,3.33,2.59,2.84,4.35,6.56,6.57,8.49,29,34.19,27.53,22.25,21.26,15.68,12.91,15.85,14.41,7.57,21.92,8.33,11.41,10.04,7.26,14.69,19.92,14.84,13.61,18.53,21.83,61.56,34.38,26.01,32.1,50.73,30.25,7.56,0
Guatemala,14.91,12.77,8.05,10.31,10.66,12.68,8.78,19.68,20.47,20.59,22.39,19.94,32.73,30.47,30.44,42.85,81.8,113.85,102.04,99.15,143.99,106.37,117.65,98.24,96.95,171.46,157.78,188.7,231.73,260.34,221.5,150.02,122.67,205.97,303.01,205.98,223.68,333.94,386.67,478.42,321.16,302.59,433.21,290.59,333.19,251.69,689.22,724.69,688.59,1008.17,1002.07,448.32,0
Guinea,0.16,2.53,10.19,23.1,14.14,24.02,15.12,9.19,5.76,16.46,27.84,34.8,29.93,44.43,32.26,28.96,10.76,33.09,56.03,59.91,77.97,105.84,114.4,65.92,128.42,115.98,171.73,226.28,260.15,348.57,300.41,374.06,403.98,461.41,376.04,432.74,317.91,369.77,331.78,232.05,141.53,259.24,231.37,235.77,234.61,189.58,162.45,220.07,286.98,199.55,225.62,200.86,0
Guinea-Bissau,0,0.81,0,0,0,0,2.81,0.51,0,0.07,0,0.11,0,0.01,10.06,20.76,24.85,39.05,49.61,52.02,58.12,64.48,65.24,67.14,58.29,59.67,69.91,109.88,100.22,124.92,125.04,111.09,107.39,95.46,142.29,114.28,209.25,124.64,95.64,52.24,81.06,58.68,62.34,100.35,77.85,65.93,82.75,121.87,133.4,146.55,138.74,111.47,0
Guyana,7.57,9.38,8.52,6.75,4.97,6.89,8.17,11.21,16.06,17.99,17.34,18.12,15.47,11.76,33.75,37.47,30.75,17.44,35.85,53.66,51.5,89.54,53.77,40.34,26.48,31.45,39.33,38,35.41,57.6,221.53,122.69,73.35,91.08,74.26,81.13,125.99,237.96,76.25,74.29,103.9,98.14,67.92,88.04,136.77,152.44,176.81,129.5,171.26,177.62,164.13,159.23,0
Haiti,10.34,13.37,4.72,2.91,3.81,6.09,3.63,3.07,5.69,4.81,6.49,4.78,6.66,7.66,11.66,55.16,68.31,85.09,90.08,90.79,102.92,105.13,125.17,131.55,130.94,146.82,180.52,211.21,140.58,195.43,166.86,176.92,100.98,120.65,599.84,716.22,371.31,328.99,343.44,261.62,206.67,169.2,154.79,211.75,298.5,425.53,634.02,665.37,911.72,1110.82,3039.83,1742.92,0
Honduras,9.97,7.47,9.2,13.45,11.75,12.67,9.94,11.67,18.68,26.23,29.3,20.7,18.96,22.6,35.77,61.78,51.22,76.68,118.46,117.03,142.8,153.4,205.15,249.5,399.08,340.38,302.67,256.6,363.4,270.97,433.26,302.41,363.84,397.54,294.67,393.96,230.19,244.57,267.86,784.32,396.13,580.11,370.58,342.54,639.86,510.16,542.81,447.61,650.74,488.8,608.23,642.49,0
"Hong Kong, China",5.83,5.12,1.91,5.45,0.28,4.25,2.47,2.65,-0.03,63.66,51.02,97.52,63.05,160.96,34.31,23.03,11.05,-4.14,0.38,18.36,31.38,46.07,27.76,3.37,-4.71,-0.72,-0.86,10.5,14.74,33.41,31.37,36.32,-63.86,-2.94,27.91,2.27,106.7,0,0,0,0,0,0,0,0,0,0,0,0,0,0,0,0
India,781.43,663.19,728.27,972.84,1200.41,1286.5,1252.56,1356.13,901.27,862.75,822.67,994.86,591.97,712.34,1181.86,1556.45,1712.02,980.87,1187.32,1383.58,2318.31,2130.03,2043.72,2163.86,1921.02,1866.69,2560.33,2293.72,3459.77,3279.76,2900.15,4364.26,3344.33,2389.99,3284.52,1769.98,2358.04,2044.87,2141.87,1862.28,1153.41,1451.92,1111.06,-3309.07,343.14,2964.77,3313.02,4386.69,4912.35,5692.23,7834.65,5561.09,0
Indonesia,83.08,115.02,157.73,108.15,66.9,42.87,86.03,259.5,334.84,333.45,509.03,570.75,577.33,668.08,740.39,817.59,1059.14,834.42,938.13,905.02,1311.83,1248.86,1587.25,1533.7,1832.29,1339.52,1451.18,3410.81,3626.63,3715,3255.42,4029.05,4469.82,3687.37,1840.12,2705.29,342.16,2183.52,5525.11,5668.94,2316.76,1045.46,19.65,883.25,-1387.12,863.71,1419.05,-369.89,584.88,981.41,2941.8,431.97,0
Iran,28.83,139.9,66.01,28.35,0.87,22.02,28.67,57.97,106.36,91.44,84.4,171.39,168.75,90.11,116.89,191.55,72.69,229.83,429.46,-233.91,135.85,-63.46,-201.76,-231.47,-97.75,-95.64,-37.22,-1.99,-38.27,22.86,-94.44,149.34,201.12,405.87,3943.94,395.51,-453.29,-460.8,-279.46,399.83,-586.5,678.19,1041.37,1351.51,1793.29,982.11,460.29,0.67,151.89,-213.2,-601.74,-1267.6,0
Iraq,-1.95,1.48,5.18,5.16,12.68,8.32,8.55,12.23,12.54,16.2,18.39,26.44,24.7,13.47,32.96,209.28,64.43,-55.98,92.47,34.56,8.88,258.71,303.02,39.47,-14.73,121.64,30.02,310.63,7.5,6.18,700.01,947.89,324.16,169.41,248.83,322.3,342.72,222.34,117.46,76.79,101.83,159.27,113.38,2287.65,4599.12,27256.4,8221.05,6295.09,9632.25,2828.5,2470.5,2222.5,0
Israel,103.86,107.25,112.1,129.94,104.56,152.73,128.57,74.98,56.45,61.35,78.4,112.25,90.6,201.3,121.71,509.73,701.23,810.03,955.63,1234.5,917.67,892.55,902.2,1410.31,1251.69,1917.19,1882.5,1191.11,1148.49,1125.45,1351.05,1706.17,2009.11,1228.34,1224.11,317.47,2205.61,0,0,0,0,0,0,0,0,0,0,0,0,0,0,0,0
Jamaica,0,10.29,12.6,3.15,3.85,9.87,13.47,22.19,17.21,16.97,28.56,37.85,21.51,49.9,72.36,50.84,49.53,48.24,160.23,130.23,254.24,207.72,307.91,248.19,285.01,300.98,197.06,225.82,272.14,370.72,325.32,214.68,31.38,138.72,125.6,87.62,30.39,24.13,-4.97,12.23,128.78,89.2,157.93,18.1,78,-56.69,20.76,-31.84,137.38,265.4,926.01,418.67,0
Jordan,88.29,91.69,81.73,82.65,75.45,68.85,76.63,50.96,45.82,48.53,81.56,71.13,110.43,208.89,341.52,490.28,612.12,462.63,512.26,1498.63,1712.38,1573.23,1004.87,880.13,719.97,636.89,693.3,654.44,343.39,454.35,1145.73,922.45,597.9,369.4,441.49,1031.85,713.17,531.8,501.93,484.01,552.49,513.84,734.71,1493.16,475.02,787.02,558.67,669.38,428.74,1180.35,1187.37,985.49,0
Kazakstan,0,0,0,0,0,0,0,0,0,0,0,0,0,0,0,0,0,0,0,0,0,0,0,0,0,0,0,0,0,0,0,111.5,38.07,57.19,406.36,435.84,491.42,405.83,877.42,388.42,277.69,280.51,359.78,504.29,428.03,-362.35,452.47,1218.57,936.05,1038.79,2289.38,1397.19,0
Kenya,20.88,64.5,51.12,56.89,56.13,71.23,61.91,51.3,60.65,63.43,74.73,96.48,107.97,157.27,156.96,201.1,236.42,214.57,325.39,412.67,462.53,497.28,567.83,480.48,524.03,528.19,509.58,527.99,758.73,1094.53,1141.3,868.91,861.18,839.16,593.78,630.16,465.42,337.1,313.61,221.1,478.9,429.91,360.14,478.64,647.06,779.36,968.8,1263.3,1410.6,1865.06,1698.95,2918.19,0
Kiribati,0.02,0.26,0.32,0.41,0.28,0.43,0.62,1.43,1.3,1.38,2.18,2.54,4.21,5.97,5.61,5.66,4.03,6.17,10.71,9.06,19.16,23.27,15.1,16.8,11.94,12.03,13.38,18.36,16.16,17.45,20.22,19.8,26.54,15.73,15.28,15.34,12.8,15.68,17.31,20.86,17.87,12.43,20.97,18.97,16.93,28.23,27.39,27.37,27.57,27.52,23.66,64.86,0
Korea,250.71,229.15,236.21,262.2,171.55,220.49,232.32,262.69,303.56,425.91,346.16,429.69,466.97,441.52,404,762.15,781.89,631.54,962.89,800.33,580.88,853.94,1130.65,930.35,577.17,145.95,-193.65,-1404.7,-1058.73,-683.68,-491.19,-288.12,-329.51,-1017.19,-588.34,-354.11,-278.56,4560.22,5599.66,5996.72,0,0,0,0,0,0,0,0,0,0,0,0,0
"Korea, Dem. Rep.",0,0,0,0,0,0,0,0,0,0,0,0,0,0,0,0,0,0,50,0,0,0,0,0,0,5.38,5.25,17.8,-33.85,25.88,6.85,10.15,10.16,17.39,5.53,16.98,25.57,83.98,160.1,201.68,74.15,146.74,232.69,130.99,148.86,88.18,50.41,98.73,207.91,68.87,80.04,159.59,0
Kosovo,0,0,0,0,0,0,0,0,0,0,0,0,0,0,0,0,0,0,0,0,0,0,0,0,0,0,0,0,0,0,0,0,0,0,0,0,0,0,0,0,0,0,0,0,0,0,0,0,0,583.46,634.67,638.65,0
Kuwait,0,-0.16,-3.55,-5.51,-3.88,-0.28,-1.34,12.22,31.63,2.18,1.83,0.36,-13.48,-14.35,-9.62,-4.34,0.49,0.51,0.94,1.17,10.25,9.4,5.06,4.37,4.23,4.21,4.82,3.39,6.07,4.72,12.9,23.24,14.47,35.29,14.95,20.69,0,0,0,0,0,0,0,0,0,0,0,0,0,0,0,0,0
Kyrgyz Republic,0,0,0,0,0,0,0,0,0,0,0,0,0,0,0,0,0,0,0,0,0,0,0,0,0,0,0,0,0,0,0,0,22.68,129.51,191.39,338.32,303.18,254.99,237.43,286.81,211.54,160.71,137.52,194.11,259.61,329.34,262.65,269.53,364.42,316.97,405.33,572.79,0
Laos,33.37,51.58,31.24,36.5,45.79,68.2,69.19,74.02,59.91,66.75,69.19,72.31,66.68,75.49,59.87,38.34,28.62,31.63,71.09,54.05,45.85,42.9,45.25,35.66,35.98,39.66,46.69,57.29,75.82,142.99,149.07,139.75,162.64,200.03,214.2,307.01,331.11,328.63,277.05,304.19,280.29,245.32,278.45,300,269.26,361.53,412.04,451.87,502.37,427.28,386.72,393.48,0
Lebanon,16.81,15.41,11.2,9.78,7.86,11.34,7.64,7.26,23.49,14.64,19.08,0.94,10.09,16.41,164.01,69.04,43.54,116.07,227.74,137.67,324.8,471.03,184.49,124,56.49,82.31,55.71,116.96,131.36,110.6,263.16,118.75,105.53,173.71,290.47,314.66,309.37,415.46,448.43,259.86,268.83,205.88,184.13,1120.53,240.19,182.75,748.25,1026.88,1057.4,400.2,389.43,303,0
Lesotho,1.56,4.14,5.93,5.64,5.66,9.49,12.54,13.78,13.18,13.07,9.73,16.57,13.84,13.93,20.62,28.48,28.52,36.67,50.82,65.46,93.7,105.71,95.32,108.7,104.06,105.45,87.75,104.68,114.77,132.46,139.67,124.25,186.88,176.48,143.59,134.13,125.36,102.98,52.65,15.89,47.11,57.08,48.96,54.89,94.97,58.72,62.92,119.35,139.34,120.34,258.23,293.73,0
Liberia,9.92,26.87,78.9,34.09,15.74,36.41,59.47,40.18,12.59,19.07,5.25,9.31,-19.14,1.72,-3.51,38.36,82.67,31.65,37.81,74.36,100.09,125.36,115.74,146.64,153.34,110.67,85.21,73.21,107.62,43.69,66.46,168.37,118.99,124.76,64.97,119.67,172.49,78.31,104.39,92.19,69.06,37.78,54.46,106.24,580.17,221.79,260.43,481.7,1078.27,538.1,1348.04,770.25,0
Libya,42.76,36.18,32.06,26.04,17,5.89,0.15,3.04,9.25,11.25,8.67,6.15,7.04,11.29,12.82,3.45,24.26,26.62,25.64,7.61,1.68,30.76,126.17,14.7,12.54,14.66,35.74,59.37,6.68,7.73,8.34,10.1,4.38,9.15,3.11,5.84,3.77,3.98,5.55,4.7,0,0,0,0,0,23.77,37.51,19.41,74.2,41.06,6.54,639.82,0
Macao,1.78,1.2,0,1.02,0,0,0.34,0.14,0.17,0.07,0.21,0.19,0.09,0.12,0.03,0.02,0,0,0,0.02,4.43,0.01,0.72,0.56,0.45,0.42,3.03,0.14,0.35,0.33,0.23,0.12,0.13,0.18,0.29,-4.01,0.32,0.36,0.5,0.32,0,0,0,0,0,0,0,0,0,0,0,0,0
Macedonia (FYROM),0,0,0,0,0,0,0,0,0,0,0,0,0,0,0,0,0,0,0,0,0,0,0,0,0,0,0,0,0,0,0,0,0,3.32,36.31,93.03,145.11,190.41,162.62,267.01,269.41,254.59,222.77,269.23,302.84,277.83,246.62,170.11,326.66,172.55,270.74,238.35,0
Madagascar,2.65,1.49,4.99,7.99,47.59,50.82,47.7,43.64,48.62,45.55,49.29,50.22,58.06,57,71.1,94.52,63.16,69.45,94.08,201.9,238.47,272.19,323.75,233.13,236.34,252.57,347.78,395.31,308.11,373.09,411.85,466.9,350.24,357.13,280.93,299.7,348.71,995.17,392.35,354.38,314.71,353.52,365.39,546.28,1221.67,786.17,772.81,906.3,2031.46,1121.45,865.54,626.07,0
Malawi,4.16,8.23,11.61,16.46,32.56,33.63,31.71,30.04,46.93,27.5,36.79,33.04,37.18,31.2,41.68,63.54,66.01,88.3,120.99,179.5,170.26,166.65,145.15,121.57,186.35,116.78,188.97,283.08,391.86,395.35,486.28,545.82,568.19,486.65,457.85,416.16,475.69,340.1,434.08,443.57,443.7,400.2,373.94,510.13,504.51,570.78,696.8,742.29,937.43,772.87,1014.01,786.81,0
Malaysia,14.98,20.31,30.82,13.23,17.18,34.18,48.38,40.09,56.75,65.36,44.25,61.97,103.02,77.49,116.7,158.33,154.57,191.73,160.91,211.66,216.26,257.63,264.24,357.95,447.44,385.02,209.32,389.7,65.51,-29.53,538.54,453.42,541.68,1.31,45.95,399.85,-774.51,-240.41,621.32,555.2,-117.28,486.3,368.45,240.75,205.66,-542.37,-235.28,-692.76,-49,354.09,148.25,448,0
Maldives,0.03,0.26,0.48,0.3,0.28,0.12,1.99,0.37,0.29,0.17,0.24,0.85,0.64,0.78,0.91,3.46,4.21,3.95,8.12,6.28,20.96,12.67,12.23,10.63,5.42,10.25,15.39,16.97,26.72,59.87,24.94,31.59,35.14,28.92,29.09,59.07,33.32,41.69,32.22,27.35,16.17,21.62,24.92,47.01,29.73,118.78,62.39,53.62,60.41,71.06,85.13,32.63,0
Mali,0.08,2.44,9.56,6.91,17.24,21.61,24.92,17.17,27.86,23.18,22.06,30.35,37.82,70.61,119.64,143.83,91.42,109.6,163.42,194.82,267.93,229.17,211.28,223.72,323.73,377.63,378.32,359.86,439.02,449.07,480.26,452.65,430.53,388.42,444.26,584.92,517.31,429.2,344.15,347.89,271.62,332.09,422.13,554.77,578.46,716.27,859.73,898.85,963.82,996.39,1156.17,1278.73,0
Malta,12.33,9.77,8.84,17.24,20.1,19.74,18.36,16.41,16.8,14.71,19.24,17.35,14.77,27,25.23,35.05,38.43,43.48,44.33,51.27,35.13,49.03,25.61,60.17,11.51,17.84,10.72,8.14,-0.53,6.31,27.72,64.73,0.4,45.7,48.8,-27.39,59.74,20.2,19.5,22.7,19.63,-0.18,-25.34,0,0,0,0,0,0,0,0,0,0
Marshall Islands,0,0,0,0,0,0,0,0,0,0,0,0,0,0,0,0,0,0,0,0,0,0,0,0,0,0,0,0,0,0,0,0.28,7.68,32.25,49.36,38.88,72.94,62.93,50.33,62.9,57.23,76.05,64.14,57.28,51,56.69,55.04,51.69,53.15,58.28,90.31,81.94,0
Mauritania,0.04,16.31,33.84,20.62,12.08,9.3,19.2,8.31,20.99,17.83,17.3,7.48,2.82,41.97,102.64,52.87,269.99,175.24,261.49,187.51,231.44,259.58,239.53,231.62,176.98,221.56,231.21,205.03,180.94,231.72,224.88,210.87,221.29,326.85,251.43,218.45,266.49,247.02,161.35,220.14,219.29,267.53,358.19,219.59,210.87,188.11,215.88,356.72,455.53,362.5,438.3,426.11,0
Mauritius,0.53,5.5,4.29,5.81,6.55,4.19,4.78,4.92,9.64,5.12,5.71,8.93,10.65,13.63,24.5,32.95,20.52,31.18,52.3,40.05,47.94,81.88,54.82,46.12,59.41,49.39,59.54,81.76,114.48,81.41,107.2,68.94,23.28,16,-25.7,3.65,34.41,30.77,19.12,15.8,-18.06,8.83,92.89,-37.32,23.26,18.51,-9.14,110.39,167.78,291.87,473.02,263.8,0
Mayotte,0,0,0,0,0,0,0,0,0,0,0,0,0,0,0,0,0,6.9,12.91,18.15,22.65,14.87,12.72,14.59,13.96,20.8,28.3,38.8,43.48,43.33,60.51,72.16,74.73,83.32,104.67,107.75,129.69,104.25,104.37,111.75,103.19,127.45,122.13,160.2,197.59,190.2,338.42,395.12,465.57,535.05,605.86,0,0
Mekong Delta Project,0,0,0,0,0,0,0,0,0.02,1.83,0,0.14,0.2,0.56,3.95,7.1,0.34,0.34,0.87,0.5,0,0,0,0,0,0.02,0,0,0,0,0,0,0,0,0,0,0,0,0,0,0,0,0,0,0,0,0,0,0,0,0,0,0
Mexico,16.47,72.22,50.94,85.13,43.99,64.53,125.26,109.66,141.47,123.62,191.94,135.21,176,206.4,403.45,460.97,453.79,468.61,314.5,461.4,881.7,1231.55,1917.24,-149.4,1081.61,805.62,1091.4,1767.93,1205.65,1073.33,5024.23,2138.66,1260.53,550.78,-230.52,407.82,-103.83,-799.77,-306.71,-1722.22,74.1,57.5,537.18,205.41,-1246.58,-204.18,-8110.09,-117.52,1792.68,7003.38,5487.59,4309.98,0
Micronesia,0,0,0,0,0,0,0,0,0,0,0,0,0,0,0,0,0,0,0,0,0,0,0,0,0,0,0,0,0,0,0,0.46,13.6,63.83,104.94,78.16,113.12,95.69,79.32,107.77,101.43,137.54,112.01,114.94,86.79,106.84,108.73,115.2,94.85,121.44,126.01,136.47,0
Moldova,0,0,0,0,0,0,0,0,0,0,0,0,0,0,0,0,0,0,0,0,0,0,0,0,0,0,0,0,0,0,0,0,0,0,0,0,0,95.25,75.74,153.73,121.33,126.74,165.73,111.78,117.36,138.61,231.91,249.89,327.81,219.01,525.27,489.66,0
Mongolia,0,0,0,0,0,0,0,0,0,0,0,0,0,0,0,0,3.4,3.4,3.4,3.4,2.4,2.4,2.4,2,2.12,5.17,6.52,4.68,3.83,6.09,13.05,70.64,153.41,131.37,174.26,196.6,198.96,251.18,202.85,221.43,216.96,213.7,209.51,251.8,265.97,219.81,197.7,241.27,349.17,407.64,465.53,388.66,0
Montenegro,0,0,0,0,0,0,0,0,0,0,0,0,0,0,0,0,0,0,0,0,0,0,0,0,0,0,0,0,0,0,0,0,0,0,0,0,0,0,0,0,0,0,0,8.14,20.13,1.36,97.36,4.4,169.11,143.3,107.43,99.33,0
Montserrat,0,0,0,0,0,0.83,0,0,0,0,0,0,0,0.03,2.7,4.48,3.37,3.16,1.38,1.39,3.84,3.69,4.18,2.2,1.82,2.2,4.18,3.72,5.79,7.06,8.29,9.26,7.21,11.78,12.71,9.76,14.33,42.62,65.56,40.82,30.89,33.01,41.57,36.59,44.46,27.61,32.37,36.33,34.74,44.08,25.75,46.64,0
Morocco,59.9,111.33,79.4,96.91,104.08,113.81,112.66,72.64,99.85,87.02,118.73,174.74,108.83,96.46,154.84,386.73,418.48,857.49,555.51,650.69,1240.99,1150.38,1033.7,712.95,1096.03,1468.37,1170.52,864.83,1072.5,1070.55,1889.18,2142.46,1261.82,814.45,586.65,493.65,778.25,65.71,514.09,774.34,291.38,172.07,206.76,-93.12,542.06,1070.69,1310.53,1507.66,1856.91,1313.13,1123.09,2195.02,0
Mozambique,0.02,3.59,0.09,0.17,-0.04,0,7.22,17.98,0.49,0,1.58,-0.08,1.05,-0.37,0.69,20.33,128.14,76.24,133.27,193.87,199.61,144.53,212.86,205.85,247.26,387.3,407.96,646.89,939.48,715.11,999.36,1091.28,1468.51,1186.81,1198.11,1035.58,1014.17,1067.29,1192.87,1078.45,1072.68,970.01,2037.1,928.93,1342.93,1279.38,1657.61,1505.32,1941.71,1997.33,1999.58,2094.7,0
Myanmar (Burma),37.86,21.98,31.66,45.3,23.26,14.91,15.49,10.48,20.2,27.32,21.55,47.55,46.43,67.53,63.02,53.86,68.28,101.38,276.5,366.69,313.44,283.12,314.46,296.88,273.11,344.32,397.09,348.5,440.7,107.66,183.99,201.43,142.15,122.33,179.85,154.35,40.17,120.89,130.4,133,125.81,99.88,87.09,91.9,87.61,116.9,86.89,173.37,454.91,344,353.42,375.25,0
Namibia,0,0,0,0,0,0,0,0,0,0,0,0,0.02,0,0,0,0,0,0,0,0,0,0,0.01,0,5.27,14.58,16.53,22.12,58.5,119.62,181.65,142.34,154.65,143.6,192.45,187.08,166.11,178.42,183.24,153.95,118.02,143.04,170.49,153.76,142,172.08,263.65,210.27,352.73,402.73,282.13,0
Nauru,0,0,0,0,0,0,0,0,0,0,0,0,0,0.79,0,0.01,0,0.01,0,0.02,0.03,4.03,0.02,-3.97,0.03,0.05,0.04,0.06,0.18,0.05,0.16,0.38,0.41,0.42,11.12,2.53,3.25,2.62,2.12,8.85,4,7.26,11.72,16.14,13.95,9.47,18.09,26.02,30.36,24.32,28.09,37.59,0
Nepal,8.62,10.63,9.04,16.22,19.49,17.82,15.18,13.97,10.9,10.78,23.43,23.85,30.2,35.29,33.3,43.79,49.5,79.61,76.27,133.52,159.64,177.85,196.5,197.87,196.33,234.12,294.67,350.39,408.95,499.65,432.1,447.92,430.22,365.55,446.79,428.54,396.87,423.93,436.99,369.52,409.05,387.37,336.2,459.22,416.67,416.27,518.67,594.82,693.37,844.21,811.62,884.11,0
Netherlands Antilles,0.1,0.54,0.59,2.73,12.92,5.76,1.52,15.88,22.64,18.44,26.78,25.18,33.89,19.51,29.31,30.79,47.57,40.72,46.72,55.65,117.96,77.86,88.59,63.54,60.97,61.03,55.4,45.36,58.05,69.88,50.06,82.54,93.85,73.15,2.22,96.99,115.21,105.21,125.33,124.82,0,0,0,0,0,0,0,0,0,0,0,0,0
New Caledonia,0,0,0,0,0,0,17.2,11.61,15.81,16.24,22.53,37.88,54.56,84.76,70.75,90.7,65.83,84.15,130.64,155.65,213.02,155.33,165.92,197.45,132.64,161.58,218.33,267.94,326.41,295.99,325.81,391.62,483.67,487.4,448.75,548.82,381.25,350.62,375.86,311.67,0,0,0,0,0,0,0,0,0,0,0,0,0
Nicaragua,7.8,7.74,7.2,10.55,12.98,10.95,15.79,18.22,16,23.12,28.01,23.72,13.11,37.46,51.91,53.11,55.04,55.74,47.05,114.5,232.57,274.36,139.32,158.39,153.68,118.84,172.9,165.03,231.23,244.31,326.63,711.46,714.64,317.32,610,823,1468.77,413.51,621.03,685,552.12,1069.02,506.41,844.99,977.22,636.71,762.21,852.57,790.64,792.6,673.86,730.37,0
Niger,0.04,1.99,4.38,4.41,14.86,15.13,22.07,22.02,30.67,33.36,33.61,42.17,43.62,73.03,135.33,137.49,130.61,103.95,166.55,185.04,187.57,227.78,278.76,201.93,188.67,317.86,313.63,372.55,363.5,305.48,392.93,376.11,378.65,333.1,369.87,199.84,198.21,293.18,248.69,174.22,184.8,220.94,187.09,506.09,570.67,513.92,535.19,546.89,610.89,455.8,744.15,627.87,0
Nigeria,39.74,33.42,30.38,16.22,53.77,98.61,93.34,114.29,74.85,109.02,118.14,143.57,136.29,89.77,107.07,109.36,82.95,78.9,74.22,66.06,134.45,129.98,624.1,552.42,472.13,77.69,598.88,1267.54,902.64,1607.33,1307.7,720.47,916.09,716.62,390.64,-67.1,-233.82,-223.07,-191.65,-274.75,-390.6,-320.62,3233.31,417.58,733.18,6308.64,4590.54,1444.97,837.85,1703.38,1906.21,2293.12,0
Niue,0,0,0,0,0,0,0,0,0,0,0,0,1.34,1.65,2.9,2.27,2.78,3.4,4.2,4.97,3.69,4.18,4.39,5.56,3.15,3.53,4.16,6.73,5.25,5.59,7.16,9.41,4.71,4.61,6.95,8.24,6.72,5.32,4.08,4.13,3.2,3.43,4.69,9.15,14.27,21.09,8.96,14.77,18.04,8.97,15.19,20.85,0
Northern Marianas,5,6.01,8.02,17.01,11.08,18.21,18.08,20.22,29.91,46.11,48.19,53.26,57.21,65.61,75.28,81.33,89.57,91.61,101.21,111.67,111.03,135.91,161.5,133.56,185.09,158.86,381.84,185.28,152.21,158.75,63.11,29.14,7.39,87.61,31.22,18.76,-3.13,0.49,-2.3,0.12,0,0,0,0,0,0,0,0,0,0,0,0,0
Oman,0.25,0.33,0.44,0.36,4.06,1.84,0.62,0.94,0.07,0.04,0.07,2.04,9.86,22.54,178.92,167.82,185.37,385.2,78.77,304.51,339.99,253.04,97.96,51.15,119.28,72.88,87.1,29.75,-16.46,41.29,64.69,53.58,95.64,165.49,105.42,68.48,80.35,91.82,533.05,3.08,84.62,0.8,36.31,122.17,262.39,263.76,392.27,427.21,387.03,425.56,-74.36,0,0
Pakistan,262.29,266.24,392.59,505.08,518.02,523.16,390.22,543.16,418.17,382.39,471.42,469.92,263.63,247.49,528.12,778.83,1111.95,672.67,648.09,813.8,1305.4,953.16,961.55,778.35,773.57,911.29,958,980.11,1694.63,1974.78,1631.41,2030.84,1519.13,1644.46,2021.48,1242.38,1546.56,1396.09,1101.15,1185.38,765.97,1911.9,2130.95,755.6,30.15,1684.92,2512.86,2657,2385.12,3091.27,3148.57,3745.37,0
Palau,0,0,0,0,0,0,0,0,0,0,0,0,0,0,0,0,0,0,0,0,0,0,0,0,0,0,0,0,0,0,0,0,0.01,0.01,201.89,156.32,63.02,38.38,89.12,28.84,37.67,32.93,29.91,24.06,17.64,21.64,35.21,22.34,43.06,35.35,26.31,34.01,0
Panama,12.69,9.81,13.16,21.53,12.83,33.06,23.47,19.73,10.48,14,20.72,29.95,42.02,58.86,53.91,59.92,100.09,92.85,46.18,34.03,52.64,22.89,81.89,169.46,145.07,112.93,114.95,18.19,28.11,66.13,23.5,46.49,33.66,4.16,-48.99,63.92,185.04,172.04,214.91,4201.79,104.03,91.77,68.7,89.44,-26.5,-36.29,-39.21,-144.43,252.82,405.42,698.56,548.32,0
Papua New Guinea,0.01,0.01,0,0.01,0,82.56,85.59,98.26,110.22,118.99,165.34,163.46,206.49,207.9,274.61,317.82,233.83,240.77,299.96,309.39,347.17,368.2,449.71,466.3,390.93,256.01,219.85,338.9,413.47,389.05,474.87,519.28,496.26,278.4,289.73,365.27,345.98,368.01,378.59,181.82,357.01,270.56,205.56,238.6,237.68,263.88,235.31,227.09,344.63,795.41,1256.52,2211.27,0
Paraguay,8.92,8.57,3.39,9.72,9.95,9.35,12.26,21.29,20.7,25.67,20,26.2,29.77,26.11,38.04,45.56,44.97,52.65,57.4,70.83,58.48,111.34,135.95,106.44,110,72.67,91.28,89.7,48.7,90.75,29.44,101.62,31.84,94.08,93.62,153.48,125.91,185.09,145,173.55,202.02,110.79,84.73,100.02,5.74,45.32,87.15,73.8,215.36,236.47,257.49,180.83,0
Peru,-10.78,-14.72,15.91,22.18,41.43,70.62,63.62,65.4,49.42,56.34,69.86,69.96,95.15,83.42,49.56,138.58,147.97,254.21,240.9,422.15,333.77,307.04,329.3,426.29,659.44,482.75,378.89,432.55,320.01,305.91,398.31,622.51,1835.46,1289.41,954.81,817.82,506.77,2267.95,931.13,1193.21,1111.93,844.37,512.78,485.48,551.99,229.65,-11.31,-311.32,995.46,1245.68,-327.93,520.22,0
Philippines,52.73,19.1,34.91,31.36,82.98,109.2,67.55,113.53,107.62,151.02,145.78,136.8,195.06,273.01,228.55,289.87,378.39,361.98,420.31,604.88,528.53,859.19,619,1276.71,767.59,834.85,1095.07,1034.29,1253.47,1367.23,2176.91,1597.22,2510.95,2298.14,1172.87,675.57,955.29,1235.66,1457.28,1425.08,353.34,476.07,198.98,182.67,-511.78,-191.51,-165.29,2312.41,31.07,1105.95,-26.76,636.44,0
Qatar,0,0,0,-0.02,0,0,0.01,0.01,0.52,0.04,0.82,4.81,-0.21,0.03,0.51,0.77,1.26,0.84,0.14,0.17,0.54,0.85,0.86,1.05,1.35,1.86,2.35,6.52,1.83,2.04,2.93,2.84,50.15,290.24,141.14,619.44,0,0,0,0,0,0,0,0,0,0,0,0,0,0,0,0,0
Rwanda,8.28,7.38,11.01,6.52,7.14,8.17,11.91,13.43,16.08,17.8,21.69,25.08,30.04,38.82,46.7,90.37,79.6,100.53,125.04,147.21,154.29,153.4,151.47,149.32,162.48,176.27,205.2,238.78,253.63,225.32,286.92,361.17,349.11,353.95,711.88,694.98,465.54,229.62,351.3,384.93,323.51,307.03,363.9,339.51,491.01,571.96,600.75,729.73,941.97,944.07,1062.39,1285.84,0
Samoa,0,0.03,0.09,0.17,0.21,0.23,0.42,0.78,1.09,0.51,1.49,1.95,3.07,3.42,5.5,12.98,11.11,20.68,21.88,33.79,24.66,24.75,22.37,26.32,19.83,19.69,22.38,34,29.42,30.4,47.41,56.36,48.71,51.93,48.08,43.2,32.35,27.74,34.78,23.55,27.53,42.88,38.51,35.81,32.61,43.95,47.53,45.38,43.02,77.8,147.8,102.36,0
Sao Tome & Principe,0.11,1.01,0,0,0,0,1.06,0.38,0.21,0,0,0,0,0,0,0.84,11.65,3.04,3.98,2.95,3.82,6,9.84,11.58,11.17,12.21,12.35,18.26,24.43,45.24,54.12,50.61,56.39,46.49,70.78,58.32,47.4,33.42,28.06,27.52,34.89,38.77,25.92,44.53,33.63,32.44,22.93,44.94,46.84,30.51,49.3,74.73,0
Saudi Arabia,7.51,-0.19,-10.36,-10.53,-0.43,0.15,-21.45,-11.71,1.16,15.44,0.47,6.17,15,48.85,-0.33,2.99,-0.22,2.69,2.15,8.73,18.66,30.38,149.76,117.44,-61.83,-59.38,28.36,21.42,19.08,15.81,14.1,13.49,49.32,17.54,43.21,6.43,61.93,107.99,166.6,21.84,48.07,69.91,-82.74,-117.79,-87.96,-34.68,4739.68,1359.45,0,0,0,0,0
Senegal,0.13,0.24,12.35,11.18,57.46,47.52,44.61,49.66,49.15,56.83,43.05,65.29,48.36,91.74,137.9,146.6,155.97,131.84,249.25,318.87,354.32,415.26,469.62,411.36,443.5,330.4,636.37,692.31,548.78,702.51,823.77,600.96,712.1,543.42,659.47,625.86,550.64,411.97,485.98,554.74,425.2,417.55,464.42,471.78,1062.35,653.03,863.04,849.87,1197.54,1103.06,923.69,1011.1,0
Serbia,0,0,0,0,0,0,0,0,0,0,0,0,0,0,0,0,0,0,0,0,0,0,0,0,0,0,0,0,0,0,0,0,0,-25.16,22.95,71.8,57.94,94.57,106.49,707.4,1132.46,1311.02,2592.54,1578.04,1457.09,1370,1448.27,1194.89,1320.26,864.52,1119.18,1235.14,0
Seychelles,1.1,1,0.49,0.64,0.94,1.55,0.93,2.24,2.46,1.29,4.02,7.74,8.72,8.3,8.78,7.48,7.4,10.89,16.48,25.37,27.47,18.76,23.71,20.44,15.1,24.83,31.5,28.34,22.41,21.61,37.44,26.98,25.33,24.97,17.49,16.25,21.73,18.65,13.67,13.74,19.32,9.69,55.3,9.62,7.69,15.48,-11.52,8.59,12.09,21.68,88.17,22.42,0
Sierra Leone,6.72,14.97,7.42,9.79,11.66,18.82,12.68,7.87,10.72,9.34,10.37,11.15,10.49,14.02,13.78,25,15.42,37.8,49.59,54.4,100.53,63.01,83.55,66.77,57.28,67.43,93.43,95.12,98.03,98.89,55.06,100.93,144.49,211.3,272.32,207.33,177.53,114.86,79.62,72.12,178.8,330.4,398.35,332.16,375.65,338.7,380.28,472.65,386.21,447.26,466.09,431.12,0
Singapore,-0.23,0.01,1.02,0.82,0.45,4.48,11.84,8.78,6.24,24.06,62.14,48.5,48.42,83.84,68.09,48.92,35.22,7.91,102.52,94.44,43.18,11.11,23.03,-30.7,86.07,-56.56,-188.72,-37.73,-23.91,64.02,152.05,122.33,-56.32,145.86,-118.34,-48.97,0,0,0,0,0,0,0,0,0,0,0,0,0,0,0,0,0
Slovenia,0,0,0,0,0,0,0,0,0,0,0,0,0,0,0,0,0,0,0,0,0,0,0,0,0,0,0,0,0,0,0,0,0,0.94,68.88,168,47.58,59.53,67.93,43.87,99.91,140.6,294.22,0,0,0,0,0,0,0,0,0,0
Solomon Islands,1.84,2.01,2.31,2.95,2.91,4.23,5.31,6,6.69,7.45,8.22,7.01,12.56,11.63,12.02,22.3,19.86,16.72,26.56,26.3,44.53,31.11,28.41,29.27,24.43,20.67,30.57,67.64,60.44,48.12,46.15,40.86,46.78,60.34,45.06,46.97,42.42,41.75,56.05,39.42,69.48,58.92,25.22,60.14,122.19,186.79,205.86,250.28,222.59,214.61,399.65,341.67,0
Somalia,21.47,23.21,23.59,30.45,21.75,28.67,50.23,14.41,33.2,34.67,29.92,31.07,34.88,48.25,107.24,181.57,104.37,237.53,263.49,272.76,492.86,388.06,474.05,367.24,348.44,356.85,594.48,568.28,462.38,426.85,513.57,186.86,653,891.32,535.22,188.14,88.32,81.22,81.32,115.7,102.23,149.3,152.72,176.18,201.28,240.22,396.17,393.74,769.8,661.64,497.5,1095.77,0
South Africa,0,0,0,0,0,0,0,0,0,0,0,0,0,0,0,0,0,0,0,0,0,0,0,0,0,0,0,0,0,0,0,0,0,270.45,293.08,712.74,579.25,666.9,644.27,772.44,591.18,509.43,441.54,1068.77,931.09,732.25,703.12,951.37,990.13,2626.77,1903.12,2294.19,0
South Sudan,0,0,0,0,0,0,0,0,0,0,0,0,0,0,0,0,0,0,0,0,0,0,0,0,0,0,0,0,0,0,0,0,0,0,0,0,0,0,0,0,0,0,0,0,0,0,0,0,0,0,0,1086.91,0
Sri Lanka,13.79,14.43,18.08,14.79,10.88,15.65,31.93,46.3,56.86,53.72,56.71,55.64,65.43,72.26,96.26,144.2,159.92,197.91,320.78,316.39,386.55,369.53,426.73,498.61,492.07,486.44,547.84,507.18,622.78,621.45,718.32,872.92,626.95,671.99,580.85,546.16,506.53,333.43,408.69,266.94,252.42,346.01,390.89,720.46,569.25,1223.11,852.87,682.25,967.18,730.42,762.59,802.62,0
St. Helena,0.45,0.05,0.79,0.45,0.69,0.66,2.36,1.08,0.89,0.96,1.04,1.22,1.75,1.77,2.64,2.79,2.82,4.15,7.15,8.35,8.83,8.29,10.23,9.92,10,12.15,13.53,20.09,27.14,47.21,24.74,15.38,15.8,14.77,14.12,12.59,15.88,15.07,15.75,13.78,18.67,15.17,13.92,17.98,26.25,22.55,28.13,44.09,65.95,34.77,53.67,83.94,0
St. Kitts-Nevis,0,0,0,0,0,0,0,0,0,0,0,0,0,0.01,3.64,1.61,2.61,2.28,2.14,1.77,6.21,4.24,3.37,3.21,3.61,4.45,5.37,7.53,15.16,14.52,8.2,7.84,8.54,11.25,6.58,5.59,12.03,14.62,12.3,8.91,5.95,15.76,49.68,5.55,2.43,1.68,5.87,8.67,32.72,6.13,11.15,29.55,0
St. Lucia,0,0,0,0,0,0,0,0,0,0,0,0,0,0.87,7.74,10.39,7.77,6.81,3.76,2.13,9.56,13.5,8.94,8.04,3.76,7.05,12.02,13.85,21.25,27.08,15.8,27.81,33.53,32.65,31.35,52.83,36.89,13.61,11.61,31.04,13.5,17.19,42.37,38.61,3.11,11.53,26.92,29.31,30.1,47.15,25.55,27.68,0
St.Vincent & Grenadines,0,0,0,0,0,0,0,0,0,0,0,0,0,0.26,3.76,6.05,4.37,3.99,4.58,5.7,10.7,9.14,7.78,6.81,4.1,6.31,12.43,13.34,16.92,14.2,15.37,19.65,19.18,14.49,12.32,48.24,26.35,17.44,23.95,16.99,9.69,9.87,7.86,6.77,12.86,10.46,18.08,53.72,33.15,43.25,57.69,16.32,0
Sts Ex-Yugo. Unspec.,67.19,170.68,170.87,176.81,132.67,110.99,136.85,29.05,5.18,11.69,20.89,100.38,192.32,252.91,231.24,251.38,475.65,174.05,206.97,153.05,397.54,527.79,190.55,250.28,483.21,286.53,164.99,143.52,-153.46,-32.67,5.85,-194.51,1233.67,2488.11,1023.66,393.45,235.92,22.29,67.39,365.15,299.32,81.51,794.43,109.74,104.34,34.09,73.77,56.14,58.29,17.55,20.16,18.66,0
Sudan,33.38,23.38,20.99,19.62,26.17,30.15,42.32,18.63,30.52,14.96,12.13,16.35,74.19,63.85,327.02,360.08,542.19,347.7,407.2,719.91,1008.43,817.4,840.31,1153.85,704.27,1191.81,932.23,892.35,912.64,754.76,845.69,859.78,544.48,447.22,409.92,250.74,222.76,139.66,209.44,240,215.2,191.58,304.87,619.5,990.35,1852.03,2054,2134.63,2600.67,2379.12,2143.69,1209.85,0
Suriname,8.82,10.34,8.96,13.79,11.65,16.47,3.63,3.91,17.86,21.98,25.64,29.01,35.72,30.12,48.34,57.91,103.39,99.98,65.29,93.37,81.06,95.56,101.29,3.82,5.06,10.79,13.91,24.69,25.88,52.02,64.26,48.03,80.82,80.05,60.63,74.93,107.13,74.79,57.85,55.19,36.17,22.59,11.37,24.43,24.06,42.71,62.97,162.76,105.16,174.98,144.55,199,0
Swaziland,8.49,11.44,6.79,7.49,14.95,16.22,10.39,9.4,7.89,11.18,6.19,1.76,8.41,10.12,14,17.24,18.35,30.13,52.86,69.29,67.18,47.99,47,51.85,31.88,21.42,42.29,38.72,24.95,21.47,34.09,51.26,46.57,50.6,45.54,57.28,60.87,36.83,35.06,23.29,15.88,38.63,27.51,41.13,53.07,37.03,43.76,59.63,51.87,41.48,76.53,116.5,0
Syria,18.39,16.2,24.91,3.11,4.6,3.27,18.26,18.5,5.28,10.16,21.73,21.28,64.23,423,768.96,852.12,843.44,1086.48,1038.03,2218.71,1935.87,1798.18,1127.56,938.87,671.2,632.39,739.11,835.14,278.91,148.23,873.69,529.34,162.55,243.29,686.09,322.77,203.28,-72.62,118.77,186.1,486.84,125.22,50.75,93.67,165.37,101.65,90.55,219.99,241.7,382.71,101.94,346.94,0
Tajikistan,0,0,0,0,0,0,0,0,0,0,0,0,0,0,0,0,0,0,0,0,0,0,0,0,0,0,0,0,0,0,0,0,20.51,81.95,82.56,68.98,103.14,93.94,163.92,126.45,124.26,164.59,167.82,153.27,264.67,274.94,253.59,222.89,306.42,422.7,446.92,363.42,0
Tanzania,10.03,41.16,47.02,31.06,46.95,38.33,31.03,38.11,40.49,39.99,52.2,70.79,77.24,109.81,171.18,331.72,286.18,363.4,463.47,636.35,703.41,736,714.46,676.19,587.48,539.74,657.96,1024.71,1007.24,914.02,1163.1,1035.18,1309.11,946.88,935.58,839.17,815.88,966.83,996.67,979.82,1091.03,1269.37,1154.88,1667.92,1681.92,1491.37,1889.01,2824.59,2393.68,2945.3,2953.54,2392.74,0
Thailand,50.98,38.84,52.69,42.13,33.15,46.69,54.04,59.01,76.35,130.34,126.1,77.87,53.1,60.22,105.86,154.94,229.47,252.47,406.22,636.52,730.57,780.33,820.44,1025.66,856.94,782.75,551.44,387.83,-37.18,737.28,1103.81,1070.77,721.76,994.98,842.94,1765.74,1791.78,3274.64,5046.95,5384.94,-1246.6,-571.54,-2892.06,-5884.63,-2480.86,1340.75,-598.91,-768.57,-922.71,73.37,202.63,74.44,0
Timor-Leste,0,1.64,0,0,0,0,0,0.32,0,0,0,0,0,0,0.01,0.25,0.45,0,0.01,0.46,0.5,0.25,0.23,0.45,0,0,0.3,0,0.02,0,0.1,0.94,0.13,0.42,0.23,0.02,0.08,0.43,1.67,781.01,649.09,194.41,231.99,313.03,162.6,185.82,209.83,279.21,278.49,218.23,297.33,271.82,0
Togo,0.11,2.93,4.35,6.65,14.94,13.36,12.13,14.12,19.21,17.55,17.01,20.42,23.53,25.96,40.63,41.61,48.72,68.05,133.55,167.33,188.63,75.15,109.83,142.3,146.44,110.71,156.41,113.44,202.96,188.89,252.83,194.04,222.1,91.43,121.75,185.34,148.16,130.94,132.2,71.37,74.02,46.01,51.25,48.45,74.07,79.67,68.33,113.49,282.01,640.17,305.99,523.8,0
Tokelau,0,0,0,0,0,0,0,0,0,0,0,0,0.42,0.44,0.88,0.21,1.2,1.17,0.96,1.77,1.9,1.42,1.93,1.81,1.84,1.73,1.99,1.82,3.72,4.56,4.78,4.44,4.27,2.87,3,3.73,4.88,4.41,3.58,4.66,3.52,3.88,4.78,6.42,8.44,15.98,10.93,12.89,21.43,9.82,14.6,20.04,0
Tonga,0.01,0.02,0.07,0.05,0.06,0.5,0.61,1.32,1.58,0.59,1.35,0.71,1.17,1.34,3,3.27,4.43,6.67,9.47,23.79,16.38,18.03,17.36,17.91,15.63,13.36,14.9,21.19,18.67,24.33,29.57,19.66,24.11,31.23,35.16,38.84,32,27.52,24.68,21.19,18.85,20.32,22.71,27.85,28.16,32.38,21.11,23.02,32.74,39.65,70.78,94.51,0
Trinidad & Tobago,0,0.08,2.65,18.52,17.03,19.34,10.25,1.65,12.42,8,5.87,10.82,9.59,9.34,17.39,10.66,7.38,9.27,5.29,80.33,136.16,46.99,2.68,-14.16,42.54,-8.77,76.58,48.75,9.57,66.25,80.82,20.93,61.54,78.03,94.66,95.1,76.18,68.04,205.13,-20.06,-21.64,-0.29,-53.91,4.45,-135.21,-34.28,44.27,-2.78,-36.01,-44.12,-38.04,0,0
Tunisia,51.73,93.82,69.98,84.86,73.27,92.02,85.68,99.24,74.08,117.36,125.99,121.33,136.44,178.08,218.68,254.18,288.22,328.79,324.49,257.97,342.52,457.99,377.52,294.81,365.92,212.35,308.76,324.94,407.21,498.3,651.08,764.19,506.66,660.77,332.45,928.14,252.03,233.91,105.15,423.91,205.69,679.17,388.17,420.6,526.77,288.58,102.91,536.43,209.83,763.96,834.31,1422.51,0
Turkey,134.51,185.18,225.89,219.67,157.98,185.21,201.9,201.66,181.7,229.52,224.52,265.53,273.87,237.64,194.56,281.42,340.01,288.71,548.29,1220.95,1614.72,1618.41,1388.75,876.8,874.24,793.16,840.41,1064.61,691.36,-84.88,1393.88,1518.4,109.28,224.65,-436.94,-329.22,136.69,-9.59,44.69,-177.23,1082.39,1236.24,1165.93,523.75,2137.92,-11.11,2409.97,4118.51,3758.34,2785.45,3427.64,2931.26,0
Turkmenistan,0,0,0,0,0,0,0,0,0,0,0,0,0,0,0,0,0,0,0,0,0,0,0,0,0,0,0,0,0,0,0,0,19.59,138.69,43.71,35.84,53.6,57.98,78.98,186.4,196.86,132.77,75.19,23.21,28.37,26.71,-94.54,-57.31,-60.83,-45.61,-22.16,302.47,0
Turks & Caicos Islands,0,0,0,0,0,0,0,0,0,0,0,0,0,0,2.41,3.25,3.76,3.45,2.78,2.32,3.39,7.07,10.32,6.74,7.91,5.8,8.89,1.66,7.89,8.82,11.64,17.65,14.9,11.04,15.75,5.67,3.16,4.52,6.35,7.51,7.27,7.93,5.28,2.54,4.54,5.83,-0.6,31.92,0,0,0,0,0
Tuvalu,0,0,0,0,0,0,0,0,0,0,0,0,0,0,0,0.05,2.94,2.38,2.85,4.1,4.91,5.35,6.23,4.21,5.47,3.33,4.3,25.68,13.97,6.92,5.06,5.01,8.06,4.25,7.37,7.85,10.34,10.13,5.19,6.78,4.03,9.51,11.71,6.24,8,9.2,15.34,11.74,16.58,17.47,13.33,42.66,0
Uganda,20.36,24.79,30.27,21.39,22.99,21.62,24.23,21.3,22.52,26.98,32.31,31.23,42.27,27.16,18.27,58.98,31.85,19.07,46.17,56.75,115.14,140.5,173.43,152.62,177.05,231.6,197.7,319.24,396.38,536.38,665.23,646.83,711.13,589.4,741.51,817.49,681.44,732.15,656.26,597.13,809.72,804.42,693.56,995.13,1210.41,1189.33,1580.82,1749.15,1763.49,1887.38,1810.08,1621.63,0
Ukraine,0,0,0,0,0,0,0,0,0,0,0,0,0,0,0,0,0,0,0,0,0,0,0,0,0,0,0,0,0,0,0,0,0,0,0,0,0,0,0,0,0,0,0,0,0,792.2,769.02,629.55,2189.83,1653.02,787.94,1037.01,0
United Arab Emirates,0.41,0.54,0.43,0.39,0.58,0.02,1.3,1.57,1.18,0.87,5.29,14.7,1.68,0.76,0.59,7.58,6.04,39.66,12.46,11.83,8.88,5.44,12.5,5.33,2.61,11.25,39.96,122.44,-12.84,-5.93,3.8,-7.56,-317.73,-68.93,0.33,-77.62,0,0,0,0,0,0,0,0,0,0,0,0,0,0,0,0,0
Uruguay,17.53,-1.37,1.45,11.97,4.72,-1.38,10.43,8.69,51.16,18.45,12.63,16.69,53.62,24.63,26.24,14.96,30.14,14.29,7.53,17.64,21.29,10.91,47.36,33.29,72.71,34.49,64.89,96.78,109.19,116.45,86.63,195.36,202.45,236.67,160.61,52.64,83.29,160.47,201.38,305.58,198.67,158.2,647.5,348.57,52.02,62.53,-547.92,102.6,300.93,734.27,-431.02,201.32,0
Uzbekistan,0,0,0,0,0,0,0,0,0,0,0,0,0,0,0,0,0,0,0,0,0,0,0,0,0,0,0,0,0,0,0,0,4.36,135.22,10.57,287.16,159.01,177.8,267.47,352.93,324.21,376.47,208.18,238.61,305.74,187.83,79.55,171.65,204.61,156.45,279.4,106.33,0
Vanuatu,0.15,0.28,0.41,0.51,0.65,0.58,2.17,2.01,2.33,3.22,3.23,4.8,6.16,7.44,16.13,12.48,31.54,14.45,18.68,38.12,43.98,30.48,26.82,27.77,25.4,22.66,-11.54,52.23,40.09,40.25,54.13,54.36,40.16,34.94,40.76,45.12,36.24,26.89,40.05,35.85,45.15,30.62,26.94,32.16,39.41,40.26,50.12,58.16,102.28,105.02,110.36,93.34,0
Venezuela,-4.46,-5.88,71.19,61.02,-26.8,32.4,84.39,75.02,71.74,63.17,42.84,15.7,26.13,28.9,16.19,44.04,-30.76,-42.28,-0.48,-0.18,17.45,36.16,14.75,-12.45,-47.99,-65.79,-26.73,26.62,163.91,426.36,1299.53,1016.06,922.2,443.16,324.39,130.24,-299.01,-213.21,490.81,-69.26,50.6,-8.51,-107.43,-309.96,-495.97,-469.12,-386.09,1445.2,123.72,194.86,309.89,837.74,0
Vietnam,191.75,167.11,176.03,226.67,244.49,315.65,512.88,451.63,449.6,464.36,435.81,464.18,576.95,477.49,705.94,389.83,234.57,296.4,416.94,401.6,275.48,272.61,247.89,150.1,152.7,153.91,191.88,128.68,164.46,135.68,180.56,229.79,593.15,313.22,1036.4,1050.4,1109.96,1285.26,1376.73,1448.45,1553.91,1384.25,1289.06,2093.3,1860.46,2036.72,1896.78,2547.39,2980.88,4890.87,4494.45,4521.81,0
Virgin Islands (UK),0.08,0.42,0.39,0.16,0.2,0,0.42,16.15,0,0,0,0,0,0,1.68,2.42,2.59,2.05,1.35,1.72,4.65,3.84,3.8,3.09,2.04,2.04,1.43,3.32,5.61,11.65,9.44,8.98,10.88,3.4,12,2.58,-0.53,-0.85,-0.09,5.89,0,0,0,0,0,0,0,0,0,0,0,0,0
Wallis & Futuna,0,0,0,0,0,0,0,0,0.62,0,0.22,0.18,0.21,0.33,4.83,2.24,4.99,3.65,2.46,7.7,8.3,8.6,7.3,1.62,1.6,0.97,0.1,1.24,1.11,0.05,3.92,7.52,5.07,0.01,0.06,0.51,1.49,0.2,46.67,50.54,53.3,49.51,52.33,53.44,69.83,69.01,100.59,115.37,130.16,116.13,126,128.86,0
West Bank & Gaza Strip,0,0,0,0,0,0,0,0,0,0,0,0,0,0,0,0,0,0,0,0,0,0,0,0,0,0,0,0,0,0,0,0,0,178.74,471.98,514.11,552.41,613.98,616.42,598.72,729.8,996.92,940.97,1028.67,1159.96,1015.19,1360.53,1716.99,2470.28,2832.04,2525.08,2425.97,0
Yemen,14.69,14.88,18.08,21.58,23.33,31.54,38.6,25.15,6.29,4.76,16.86,32.45,51.04,64.78,181.7,266.38,480.76,466.21,459.69,363.26,583.41,513.46,612.84,446.53,555.17,436.78,345.64,488.14,301.1,371.09,452.62,292.18,262.02,330.82,172.71,169.67,229.08,357.3,397.9,458.98,318.92,366.91,216.12,241.6,266.33,295.34,285.38,261.51,726.07,673.88,547.31,476.47,0
Zambia,0.92,0.21,5.18,2.78,18.29,9.66,30.97,66.77,46.63,25.8,14.64,27.9,60,86.57,110.71,151.02,167.04,157.53,244.18,305.73,309.01,280.85,403.7,243.24,411.39,472.96,647.48,430.55,521.54,402.51,540.79,681.14,1020.3,826.42,637.11,1963.61,552.37,537.51,344.39,576.8,674.52,564.83,750.29,661.24,1169.84,1067.79,919.16,1126.04,1217.36,1179.65,817.64,1057.35,0
Zimbabwe,0,-1.29,-1.4,7.66,0.67,2.12,-2.2,-3.91,2.1,-4.06,-3.36,-3,-3.82,-3.52,-2.95,-0.67,1.97,3.19,6.33,9.45,156.01,219.19,259.61,262.04,344.32,282.54,249.17,323.14,306.93,302.36,442.98,535.01,988.83,697.56,543.41,451.29,365.97,334.51,290.61,183.21,142.42,132.67,176.52,169.72,166.83,360.98,267.49,436.12,606.64,736.75,731.8,719.31,0
